{
    "accuracy": 0.9645776566757494,
    "precision": 1.0,
    "recall": 0.75,
    "auc": 0.9748609415276083
}
