{
    "accuracy": 0.971843778383288,
    "precision": 0.9921259842519685,
    "recall": 0.8076923076923077,
    "auc": 0.9849274182607516
}
